team,goals,xg,xg_overperformance,goals_per_xg
Arsenal,2,2.121151807,-0.12115180699999994,0.9428839526712857
Everton,1,1.267483312,-0.267483312,0.7889650226811034
